<?xml version="1.0" encoding="utf-8"?>
<AdditionalInfo>
  <CTypeInfo>
      <RtlPort>
        <name>s_axi_control_ARADDR</name>
        <type>Unsigned</type>
        <fractionWidth>0</fractionWidth>
      </RtlPort>
      <RtlPort>
        <name>s_axi_control_ARREADY</name>
        <type>Unsigned</type>
        <fractionWidth>0</fractionWidth>
      </RtlPort>
      <RtlPort>
        <name>s_axi_control_ARVALID</name>
        <type>Unsigned</type>
        <fractionWidth>0</fractionWidth>
      </RtlPort>
      <RtlPort>
        <name>s_axi_control_AWADDR</name>
        <type>Unsigned</type>
        <fractionWidth>0</fractionWidth>
      </RtlPort>
      <RtlPort>
        <name>s_axi_control_AWREADY</name>
        <type>Unsigned</type>
        <fractionWidth>0</fractionWidth>
      </RtlPort>
      <RtlPort>
        <name>s_axi_control_AWVALID</name>
        <type>Unsigned</type>
        <fractionWidth>0</fractionWidth>
      </RtlPort>
      <RtlPort>
        <name>s_axi_control_BREADY</name>
        <type>Unsigned</type>
        <fractionWidth>0</fractionWidth>
      </RtlPort>
      <RtlPort>
        <name>s_axi_control_BRESP</name>
        <type>Unsigned</type>
        <fractionWidth>0</fractionWidth>
      </RtlPort>
      <RtlPort>
        <name>s_axi_control_BVALID</name>
        <type>Unsigned</type>
        <fractionWidth>0</fractionWidth>
      </RtlPort>
      <RtlPort>
        <name>s_axi_control_RDATA</name>
        <type>Unsigned</type>
        <fractionWidth>0</fractionWidth>
      </RtlPort>
      <RtlPort>
        <name>s_axi_control_RREADY</name>
        <type>Unsigned</type>
        <fractionWidth>0</fractionWidth>
      </RtlPort>
      <RtlPort>
        <name>s_axi_control_RRESP</name>
        <type>Unsigned</type>
        <fractionWidth>0</fractionWidth>
      </RtlPort>
      <RtlPort>
        <name>s_axi_control_RVALID</name>
        <type>Unsigned</type>
        <fractionWidth>0</fractionWidth>
      </RtlPort>
      <RtlPort>
        <name>s_axi_control_WDATA</name>
        <type>Unsigned</type>
        <fractionWidth>0</fractionWidth>
      </RtlPort>
      <RtlPort>
        <name>s_axi_control_WREADY</name>
        <type>Unsigned</type>
        <fractionWidth>0</fractionWidth>
      </RtlPort>
      <RtlPort>
        <name>s_axi_control_WSTRB</name>
        <type>Unsigned</type>
        <fractionWidth>0</fractionWidth>
      </RtlPort>
      <RtlPort>
        <name>s_axi_control_WVALID</name>
        <type>Unsigned</type>
        <fractionWidth>0</fractionWidth>
      </RtlPort>
      <RtlPort>
        <name>stream_input_TDATA</name>
        <type>Floating-point</type>
        <fractionWidth>0</fractionWidth>
      </RtlPort>
      <RtlPort>
        <name>stream_input_TKEEP</name>
        <type>Floating-point</type>
        <fractionWidth>0</fractionWidth>
      </RtlPort>
      <RtlPort>
        <name>stream_input_TLAST</name>
        <type>Floating-point</type>
        <fractionWidth>0</fractionWidth>
      </RtlPort>
      <RtlPort>
        <name>stream_input_TREADY</name>
        <type>Floating-point</type>
        <fractionWidth>0</fractionWidth>
      </RtlPort>
      <RtlPort>
        <name>stream_input_TSTRB</name>
        <type>Floating-point</type>
        <fractionWidth>0</fractionWidth>
      </RtlPort>
      <RtlPort>
        <name>stream_input_TVALID</name>
        <type>Floating-point</type>
        <fractionWidth>0</fractionWidth>
      </RtlPort>
      <RtlPort>
        <name>stream_output_TDATA</name>
        <type>Floating-point</type>
        <fractionWidth>0</fractionWidth>
      </RtlPort>
      <RtlPort>
        <name>stream_output_TKEEP</name>
        <type>Floating-point</type>
        <fractionWidth>0</fractionWidth>
      </RtlPort>
      <RtlPort>
        <name>stream_output_TLAST</name>
        <type>Floating-point</type>
        <fractionWidth>0</fractionWidth>
      </RtlPort>
      <RtlPort>
        <name>stream_output_TREADY</name>
        <type>Floating-point</type>
        <fractionWidth>0</fractionWidth>
      </RtlPort>
      <RtlPort>
        <name>stream_output_TSTRB</name>
        <type>Floating-point</type>
        <fractionWidth>0</fractionWidth>
      </RtlPort>
      <RtlPort>
        <name>stream_output_TVALID</name>
        <type>Floating-point</type>
        <fractionWidth>0</fractionWidth>
      </RtlPort>
  </CTypeInfo>
  <DesignConstraint>
    <clk_period>10</clk_period>
  </DesignConstraint>
  <Machine>64</Machine>
  <modelParameters>
    <combinational>0</combinational>
    <latency>undef</latency>
    <II>undef</II>
  </modelParameters>
</AdditionalInfo>
